Modelo,Temperatura,Categoria,Accuracy,F1-Score,Precision,Recall
gemini-2.0-flash-lite,0.0,Estrutura,0.9800,0.9899,1.0000,0.9800
gemini-2.0-flash-lite,0.0,Esquadrias,0.8400,0.8217,0.8043,0.8400
gemini-2.0-flash-lite,0.0,Piso,0.6400,0.6349,0.7083,0.6400
gemini-2.0-flash-lite,0.0,Forro,0.4400,0.5994,0.9400,0.4400
gemini-2.0-flash-lite,0.0,Instalação Elétrica,1.0000,1.0000,1.0000,1.0000
gemini-2.0-flash-lite,0.0,Instalação Sanitária,0.0000,0.0000,0.0000,0.0000
gemini-2.0-flash-lite,0.0,Revestimento Interno,0.5800,0.6177,0.6606,0.5800
gemini-2.0-flash-lite,0.0,Acabamento Interno,0.7400,0.7655,0.7929,0.7400
gemini-2.0-flash-lite,0.0,Revestimento Externo,0.7000,0.7408,0.7940,0.7000
gemini-2.0-flash-lite,0.0,Acabamento Externo,0.0400,0.0767,0.9400,0.0400
gemini-2.0-flash-lite,0.0,Cobertura,0.9200,0.9583,1.0000,0.9200
gemini-2.0-flash-lite,0.5,Estrutura,0.9800,0.9899,1.0000,0.9800
gemini-2.0-flash-lite,0.5,Esquadrias,0.8400,0.8308,0.8217,0.8400
gemini-2.0-flash-lite,0.5,Piso,0.6600,0.6474,0.7368,0.6600
gemini-2.0-flash-lite,0.5,Forro,0.3800,0.5412,0.9400,0.3800
gemini-2.0-flash-lite,0.5,Instalação Elétrica,1.0000,1.0000,1.0000,1.0000
gemini-2.0-flash-lite,0.5,Instalação Sanitária,0.0000,0.0000,0.0000,0.0000
gemini-2.0-flash-lite,0.5,Revestimento Interno,0.5800,0.6097,0.6427,0.5800
gemini-2.0-flash-lite,0.5,Acabamento Interno,0.7200,0.7535,0.7902,0.7200
gemini-2.0-flash-lite,0.5,Revestimento Externo,0.6800,0.7302,0.7947,0.6800
gemini-2.0-flash-lite,0.5,Acabamento Externo,0.0200,0.0392,0.9400,0.0200
gemini-2.0-flash-lite,0.5,Cobertura,0.9200,0.9583,1.0000,0.9200
gemini-2.0-flash-lite,1.0,Estrutura,0.9800,0.9899,1.0000,0.9800
gemini-2.0-flash-lite,1.0,Esquadrias,0.8200,0.8200,0.8200,0.8200
gemini-2.0-flash-lite,1.0,Piso,0.6200,0.6169,0.6757,0.6200
gemini-2.0-flash-lite,1.0,Forro,0.3800,0.5412,0.9400,0.3800
gemini-2.0-flash-lite,1.0,Instalação Elétrica,0.9800,0.9899,1.0000,0.9800
gemini-2.0-flash-lite,1.0,Instalação Sanitária,0.0000,0.0000,0.0000,0.0000
gemini-2.0-flash-lite,1.0,Revestimento Interno,0.5600,0.5964,0.6378,0.5600
gemini-2.0-flash-lite,1.0,Acabamento Interno,0.7200,0.7535,0.7902,0.7200
gemini-2.0-flash-lite,1.0,Revestimento Externo,0.6000,0.6552,0.7274,0.6000
gemini-2.0-flash-lite,1.0,Acabamento Externo,0.0800,0.1475,0.9400,0.0800
gemini-2.0-flash-lite,1.0,Cobertura,0.9000,0.9474,1.0000,0.9000
gemini-2.0-flash,0.0,Estrutura,0.9400,0.9691,1.0000,0.9400
gemini-2.0-flash,0.0,Esquadrias,0.7800,0.7888,0.7977,0.7800
gemini-2.0-flash,0.0,Piso,0.8200,0.8207,0.8272,0.8200
gemini-2.0-flash,0.0,Forro,0.6600,0.7690,0.9550,0.6600
gemini-2.0-flash,0.0,Instalação Elétrica,1.0000,1.0000,1.0000,1.0000
gemini-2.0-flash,0.0,Instalação Sanitária,0.0000,0.0000,0.0000,0.0000
gemini-2.0-flash,0.0,Revestimento Interno,0.8000,0.8044,0.8184,0.8000
gemini-2.0-flash,0.0,Acabamento Interno,0.7400,0.7655,0.7929,0.7400
gemini-2.0-flash,0.0,Revestimento Externo,0.2600,0.3199,0.7738,0.2600
gemini-2.0-flash,0.0,Acabamento Externo,0.3400,0.4917,0.8878,0.3400
gemini-2.0-flash,0.0,Cobertura,0.9400,0.9691,1.0000,0.9400
gemini-2.0-flash,0.5,Estrutura,0.9400,0.9691,1.0000,0.9400
gemini-2.0-flash,0.5,Esquadrias,0.7800,0.7888,0.7977,0.7800
gemini-2.0-flash,0.5,Piso,0.8200,0.8207,0.8272,0.8200
gemini-2.0-flash,0.5,Forro,0.6800,0.7833,0.9550,0.6800
gemini-2.0-flash,0.5,Instalação Elétrica,1.0000,1.0000,1.0000,1.0000
gemini-2.0-flash,0.5,Instalação Sanitária,0.0000,0.0000,0.0000,0.0000
gemini-2.0-flash,0.5,Revestimento Interno,0.7800,0.7867,0.7960,0.7800
gemini-2.0-flash,0.5,Acabamento Interno,0.7000,0.7412,0.7875,0.7000
gemini-2.0-flash,0.5,Revestimento Externo,0.2200,0.2619,0.7510,0.2200
gemini-2.0-flash,0.5,Acabamento Externo,0.3200,0.4628,0.8356,0.3200
gemini-2.0-flash,0.5,Cobertura,0.9400,0.9691,1.0000,0.9400
gemini-2.0-flash,1.0,Estrutura,0.9200,0.9583,1.0000,0.9200
gemini-2.0-flash,1.0,Esquadrias,0.7800,0.7888,0.7977,0.7800
gemini-2.0-flash,1.0,Piso,0.8200,0.8207,0.8272,0.8200
gemini-2.0-flash,1.0,Forro,0.6400,0.7471,0.9268,0.6400
gemini-2.0-flash,1.0,Instalação Elétrica,1.0000,1.0000,1.0000,1.0000
gemini-2.0-flash,1.0,Instalação Sanitária,0.0200,0.0392,1.0000,0.0200
gemini-2.0-flash,1.0,Revestimento Interno,0.7400,0.7189,0.6998,0.7400
gemini-2.0-flash,1.0,Acabamento Interno,0.7000,0.7412,0.7875,0.7000
gemini-2.0-flash,1.0,Revestimento Externo,0.1800,0.2269,0.7329,0.1800
gemini-2.0-flash,1.0,Acabamento Externo,0.2600,0.3942,0.8147,0.2600
gemini-2.0-flash,1.0,Cobertura,0.9400,0.9691,1.0000,0.9400
gemini-2.5-flash,0.0,Estrutura,0.9600,0.9796,1.0000,0.9600
gemini-2.5-flash,0.0,Esquadrias,0.7800,0.7888,0.7977,0.7800
gemini-2.5-flash,0.0,Piso,0.7400,0.7263,0.8277,0.7400
gemini-2.5-flash,0.0,Forro,0.9000,0.8905,0.8812,0.9000
gemini-2.5-flash,0.0,Instalação Elétrica,1.0000,1.0000,1.0000,1.0000
gemini-2.5-flash,0.0,Instalação Sanitária,0.5200,0.6842,1.0000,0.5200
gemini-2.5-flash,0.0,Revestimento Interno,0.2800,0.3880,0.7151,0.2800
gemini-2.5-flash,0.0,Acabamento Interno,0.8800,0.8800,0.8800,0.8800
gemini-2.5-flash,0.0,Revestimento Externo,0.2200,0.2902,0.7638,0.2200
gemini-2.5-flash,0.0,Acabamento Externo,0.7200,0.7962,0.8905,0.7200
gemini-2.5-flash,0.0,Cobertura,0.9400,0.9691,1.0000,0.9400
gemini-2.5-flash,0.5,Estrutura,0.9600,0.9796,1.0000,0.9600
gemini-2.5-flash,0.5,Esquadrias,0.7400,0.7655,0.7929,0.7400
gemini-2.5-flash,0.5,Piso,0.7200,0.7002,0.8180,0.7200
gemini-2.5-flash,0.5,Forro,0.9000,0.8905,0.8812,0.9000
gemini-2.5-flash,0.5,Instalação Elétrica,0.9800,0.9899,1.0000,0.9800
gemini-2.5-flash,0.5,Instalação Sanitária,0.5400,0.7013,1.0000,0.5400
gemini-2.5-flash,0.5,Revestimento Interno,0.3000,0.4025,0.6793,0.3000
gemini-2.5-flash,0.5,Acabamento Interno,0.8000,0.8177,0.8363,0.8000
gemini-2.5-flash,0.5,Revestimento Externo,0.3200,0.4331,0.8657,0.3200
gemini-2.5-flash,0.5,Acabamento Externo,0.6000,0.7139,0.8812,0.6000
gemini-2.5-flash,0.5,Cobertura,0.9400,0.9691,1.0000,0.9400
gemini-2.5-flash,1.0,Estrutura,0.9800,0.9899,1.0000,0.9800
gemini-2.5-flash,1.0,Esquadrias,0.8400,0.8217,0.8043,0.8400
gemini-2.5-flash,1.0,Piso,0.7800,0.7614,0.8421,0.7800
gemini-2.5-flash,1.0,Forro,0.9200,0.9008,0.8824,0.9200
gemini-2.5-flash,1.0,Instalação Elétrica,1.0000,1.0000,1.0000,1.0000
gemini-2.5-flash,1.0,Instalação Sanitária,0.5200,0.6842,1.0000,0.5200
gemini-2.5-flash,1.0,Revestimento Interno,0.2800,0.3921,0.7187,0.2800
gemini-2.5-flash,1.0,Acabamento Interno,0.8400,0.8400,0.8400,0.8400
gemini-2.5-flash,1.0,Revestimento Externo,0.1800,0.2367,0.8571,0.1800
gemini-2.5-flash,1.0,Acabamento Externo,0.6200,0.7285,0.8830,0.6200
gemini-2.5-flash,1.0,Cobertura,0.9600,0.9796,1.0000,0.9600
gemini-2.5-pro,0.0,Estrutura,0.9800,0.9899,1.0000,0.9800
gemini-2.5-pro,0.0,Esquadrias,0.8800,0.8516,0.8250,0.8800
gemini-2.5-pro,0.0,Piso,0.7600,0.7362,0.8320,0.7600
gemini-2.5-pro,0.0,Forro,0.8200,0.8470,0.8759,0.8200
gemini-2.5-pro,0.0,Instalação Elétrica,1.0000,1.0000,1.0000,1.0000
gemini-2.5-pro,0.0,Instalação Sanitária,0.7800,0.8764,1.0000,0.7800
gemini-2.5-pro,0.0,Revestimento Interno,0.3200,0.4128,0.6488,0.3200
gemini-2.5-pro,0.0,Acabamento Interno,0.7600,0.7773,0.7953,0.7600
gemini-2.5-pro,0.0,Revestimento Externo,0.2200,0.3153,0.7113,0.2200
gemini-2.5-pro,0.0,Acabamento Externo,0.6000,0.7139,0.8812,0.6000
gemini-2.5-pro,0.0,Cobertura,0.9600,0.9796,1.0000,0.9600
gemini-2.5-pro,0.5,Estrutura,0.9800,0.9899,1.0000,0.9800
gemini-2.5-pro,0.5,Esquadrias,0.7800,0.8069,0.8357,0.7800
gemini-2.5-pro,0.5,Piso,0.7600,0.7362,0.8320,0.7600
gemini-2.5-pro,0.5,Forro,0.8400,0.8745,0.9304,0.8400
gemini-2.5-pro,0.5,Instalação Elétrica,1.0000,1.0000,1.0000,1.0000
gemini-2.5-pro,0.5,Instalação Sanitária,0.7200,0.8372,1.0000,0.7200
gemini-2.5-pro,0.5,Revestimento Interno,0.3000,0.3926,0.7641,0.3000
gemini-2.5-pro,0.5,Acabamento Interno,0.7800,0.8029,0.8286,0.7800
gemini-2.5-pro,0.5,Revestimento Externo,0.2600,0.3680,0.7374,0.2600
gemini-2.5-pro,0.5,Acabamento Externo,0.6000,0.7214,0.9187,0.6000
gemini-2.5-pro,0.5,Cobertura,0.9000,0.9474,1.0000,0.9000
gemini-2.5-pro,1.0,Estrutura,0.9800,0.9899,1.0000,0.9800
gemini-2.5-pro,1.0,Esquadrias,0.7800,0.7888,0.7977,0.7800
gemini-2.5-pro,1.0,Piso,0.7600,0.7362,0.8320,0.7600
gemini-2.5-pro,1.0,Forro,0.8600,0.8827,0.9093,0.8600
gemini-2.5-pro,1.0,Instalação Elétrica,1.0000,1.0000,1.0000,1.0000
gemini-2.5-pro,1.0,Instalação Sanitária,0.7400,0.8506,1.0000,0.7400
gemini-2.5-pro,1.0,Revestimento Interno,0.2800,0.3504,0.6178,0.2800
gemini-2.5-pro,1.0,Acabamento Interno,0.8000,0.8144,0.8306,0.8000
gemini-2.5-pro,1.0,Revestimento Externo,0.2000,0.2985,0.6471,0.2000
gemini-2.5-pro,1.0,Acabamento Externo,0.5600,0.6836,0.8773,0.5600
gemini-2.5-pro,1.0,Cobertura,0.9600,0.9796,1.0000,0.9600
gemma3_12b,0.0,Estrutura,1.0000,1.0000,1.0000,1.0000
gemma3_12b,0.0,Esquadrias,0.8600,0.8323,0.8063,0.8600
gemma3_12b,0.0,Piso,0.1200,0.1389,0.1650,0.1200
gemma3_12b,0.0,Forro,0.9400,0.9109,0.8836,0.9400
gemma3_12b,0.0,Instalação Elétrica,0.9800,0.9899,1.0000,0.9800
gemma3_12b,0.0,Instalação Sanitária,0.3600,0.5294,1.0000,0.3600
gemma3_12b,0.0,Revestimento Interno,0.1200,0.2050,0.7029,0.1200
gemma3_12b,0.0,Acabamento Interno,0.9000,0.8526,0.8100,0.9000
gemma3_12b,0.0,Revestimento Externo,0.0800,0.0200,0.0114,0.0800
gemma3_12b,0.0,Acabamento Externo,0.3400,0.4842,0.8411,0.3400
gemma3_12b,0.0,Cobertura,1.0000,1.0000,1.0000,1.0000
gemma3_12b,0.5,Estrutura,1.0000,1.0000,1.0000,1.0000
gemma3_12b,0.5,Esquadrias,0.8800,0.8426,0.8082,0.8800
gemma3_12b,0.5,Piso,0.1000,0.1189,0.1467,0.1000
gemma3_12b,0.5,Forro,0.9400,0.9109,0.8836,0.9400
gemma3_12b,0.5,Instalação Elétrica,0.9600,0.9796,1.0000,0.9600
gemma3_12b,0.5,Instalação Sanitária,0.3400,0.5075,1.0000,0.3400
gemma3_12b,0.5,Revestimento Interno,0.1400,0.2343,0.7175,0.1400
gemma3_12b,0.5,Acabamento Interno,0.9000,0.8526,0.8100,0.9000
gemma3_12b,0.5,Revestimento Externo,0.1000,0.0235,0.0133,0.1000
gemma3_12b,0.5,Acabamento Externo,0.3400,0.4842,0.8411,0.3400
gemma3_12b,0.5,Cobertura,1.0000,1.0000,1.0000,1.0000
gemma3_12b,1.0,Estrutura,1.0000,1.0000,1.0000,1.0000
gemma3_12b,1.0,Esquadrias,0.8200,0.8110,0.8022,0.8200
gemma3_12b,1.0,Piso,0.1600,0.1805,0.2071,0.1600
gemma3_12b,1.0,Forro,0.9400,0.9109,0.8836,0.9400
gemma3_12b,1.0,Instalação Elétrica,0.9400,0.9691,1.0000,0.9400
gemma3_12b,1.0,Instalação Sanitária,0.3600,0.5294,1.0000,0.3600
gemma3_12b,1.0,Revestimento Interno,0.0800,0.1426,0.6560,0.0800
gemma3_12b,1.0,Acabamento Interno,0.8800,0.8426,0.8082,0.8800
gemma3_12b,1.0,Revestimento Externo,0.0800,0.0204,0.0117,0.0800
gemma3_12b,1.0,Acabamento Externo,0.3600,0.5051,0.8460,0.3600
gemma3_12b,1.0,Cobertura,1.0000,1.0000,1.0000,1.0000
gemma3_27b,0.0,Estrutura,1.0000,1.0000,1.0000,1.0000
gemma3_27b,0.0,Esquadrias,0.8400,0.8494,0.8591,0.8400
gemma3_27b,0.0,Piso,0.4400,0.3503,0.2976,0.4400
gemma3_27b,0.0,Forro,0.9400,0.9109,0.8836,0.9400
gemma3_27b,0.0,Instalação Elétrica,1.0000,1.0000,1.0000,1.0000
gemma3_27b,0.0,Instalação Sanitária,0.2800,0.4375,1.0000,0.2800
gemma3_27b,0.0,Revestimento Interno,0.5200,0.6091,0.7352,0.5200
gemma3_27b,0.0,Acabamento Interno,0.7200,0.7535,0.7902,0.7200
gemma3_27b,0.0,Revestimento Externo,0.1200,0.0626,0.8533,0.1200
gemma3_27b,0.0,Acabamento Externo,0.0400,0.0767,0.9400,0.0400
gemma3_27b,0.0,Cobertura,1.0000,1.0000,1.0000,1.0000
gemma3_27b,0.5,Estrutura,1.0000,1.0000,1.0000,1.0000
gemma3_27b,0.5,Esquadrias,0.8400,0.8494,0.8591,0.8400
gemma3_27b,0.5,Piso,0.4200,0.3305,0.2754,0.4200
gemma3_27b,0.5,Forro,0.9400,0.9109,0.8836,0.9400
gemma3_27b,0.5,Instalação Elétrica,1.0000,1.0000,1.0000,1.0000
gemma3_27b,0.5,Instalação Sanitária,0.3000,0.4615,1.0000,0.3000
gemma3_27b,0.5,Revestimento Interno,0.5200,0.6006,0.7107,0.5200
gemma3_27b,0.5,Acabamento Interno,0.7000,0.7412,0.7875,0.7000
gemma3_27b,0.5,Revestimento Externo,0.1000,0.0587,0.8512,0.1000
gemma3_27b,0.5,Acabamento Externo,0.0400,0.0767,0.9400,0.0400
gemma3_27b,0.5,Cobertura,1.0000,1.0000,1.0000,1.0000
gemma3_27b,1.0,Estrutura,1.0000,1.0000,1.0000,1.0000
gemma3_27b,1.0,Esquadrias,0.8400,0.8494,0.8591,0.8400
gemma3_27b,1.0,Piso,0.4000,0.3189,0.2688,0.4000
gemma3_27b,1.0,Forro,0.9400,0.9109,0.8836,0.9400
gemma3_27b,1.0,Instalação Elétrica,1.0000,1.0000,1.0000,1.0000
gemma3_27b,1.0,Instalação Sanitária,0.2600,0.4127,1.0000,0.2600
gemma3_27b,1.0,Revestimento Interno,0.5000,0.5942,0.7321,0.5000
gemma3_27b,1.0,Acabamento Interno,0.6800,0.7286,0.7846,0.6800
gemma3_27b,1.0,Revestimento Externo,0.1200,0.0636,0.8540,0.1200
gemma3_27b,1.0,Acabamento Externo,0.0400,0.0767,0.9400,0.0400
gemma3_27b,1.0,Cobertura,1.0000,1.0000,1.0000,1.0000
gemma3_4b,0.0,Estrutura,1.0000,1.0000,1.0000,1.0000
gemma3_4b,0.0,Esquadrias,0.0000,0.0000,0.0000,0.0000
gemma3_4b,0.0,Piso,0.2400,0.2276,0.2167,0.2400
gemma3_4b,0.0,Forro,0.4400,0.5909,0.8991,0.4400
gemma3_4b,0.0,Instalação Elétrica,1.0000,1.0000,1.0000,1.0000
gemma3_4b,0.0,Instalação Sanitária,0.0200,0.0392,1.0000,0.0200
gemma3_4b,0.0,Revestimento Interno,0.7000,0.7000,0.7000,0.7000
gemma3_4b,0.0,Acabamento Interno,0.9000,0.8617,0.8265,0.9000
gemma3_4b,0.0,Revestimento Externo,0.0000,0.0000,0.0000,0.0000
gemma3_4b,0.0,Acabamento Externo,0.0000,0.0000,0.0000,0.0000
gemma3_4b,0.0,Cobertura,1.0000,1.0000,1.0000,1.0000
gemma3_4b,0.5,Estrutura,1.0000,1.0000,1.0000,1.0000
gemma3_4b,0.5,Esquadrias,0.0000,0.0000,0.0000,0.0000
gemma3_4b,0.5,Piso,0.2200,0.2185,0.2171,0.2200
gemma3_4b,0.5,Forro,0.4400,0.5909,0.8991,0.4400
gemma3_4b,0.5,Instalação Elétrica,1.0000,1.0000,1.0000,1.0000
gemma3_4b,0.5,Instalação Sanitária,0.0200,0.0392,1.0000,0.0200
gemma3_4b,0.5,Revestimento Interno,0.6400,0.6643,0.6905,0.6400
gemma3_4b,0.5,Acabamento Interno,0.9000,0.8617,0.8265,0.9000
gemma3_4b,0.5,Revestimento Externo,0.0000,0.0000,0.0000,0.0000
gemma3_4b,0.5,Acabamento Externo,0.0200,0.0392,0.9400,0.0200
gemma3_4b,0.5,Cobertura,1.0000,1.0000,1.0000,1.0000
gemma3_4b,1.0,Estrutura,1.0000,1.0000,1.0000,1.0000
gemma3_4b,1.0,Esquadrias,0.0000,0.0000,0.0000,0.0000
gemma3_4b,1.0,Piso,0.2600,0.2467,0.2350,0.2600
gemma3_4b,1.0,Forro,0.4400,0.5909,0.8991,0.4400
gemma3_4b,1.0,Instalação Elétrica,1.0000,1.0000,1.0000,1.0000
gemma3_4b,1.0,Instalação Sanitária,0.0000,0.0000,0.0000,0.0000
gemma3_4b,1.0,Revestimento Interno,0.6200,0.6435,0.6689,0.6200
gemma3_4b,1.0,Acabamento Interno,0.9000,0.8526,0.8100,0.9000
gemma3_4b,1.0,Revestimento Externo,0.0000,0.0000,0.0000,0.0000
gemma3_4b,1.0,Acabamento Externo,0.0200,0.0392,0.9400,0.0200
gemma3_4b,1.0,Cobertura,1.0000,1.0000,1.0000,1.0000
llava_13b,0.0,Estrutura,1.0000,1.0000,1.0000,1.0000
llava_13b,0.0,Esquadrias,0.9000,0.8526,0.8100,0.9000
llava_13b,0.0,Piso,0.1200,0.0257,0.0144,0.1200
llava_13b,0.0,Forro,0.0000,0.0000,0.0000,0.0000
llava_13b,0.0,Instalação Elétrica,1.0000,1.0000,1.0000,1.0000
llava_13b,0.0,Instalação Sanitária,0.0000,0.0000,0.0000,0.0000
llava_13b,0.0,Revestimento Interno,0.0400,0.0763,0.8200,0.0400
llava_13b,0.0,Acabamento Interno,0.0200,0.0391,0.9000,0.0200
llava_13b,0.0,Revestimento Externo,0.0000,0.0000,0.0000,0.0000
llava_13b,0.0,Acabamento Externo,0.0000,0.0000,0.0000,0.0000
llava_13b,0.0,Cobertura,1.0000,1.0000,1.0000,1.0000
llava_13b,0.5,Estrutura,0.9800,0.9899,1.0000,0.9800
llava_13b,0.5,Esquadrias,0.8800,0.8426,0.8082,0.8800
llava_13b,0.5,Piso,0.1000,0.0261,0.0150,0.1000
llava_13b,0.5,Forro,0.0000,0.0000,0.0000,0.0000
llava_13b,0.5,Instalação Elétrica,0.9800,0.9899,1.0000,0.9800
llava_13b,0.5,Instalação Sanitária,0.0000,0.0000,0.0000,0.0000
llava_13b,0.5,Revestimento Interno,0.1000,0.1708,0.5857,0.1000
llava_13b,0.5,Acabamento Interno,0.0000,0.0000,0.0000,0.0000
llava_13b,0.5,Revestimento Externo,0.0000,0.0000,0.0000,0.0000
llava_13b,0.5,Acabamento Externo,0.0000,0.0000,0.0000,0.0000
llava_13b,0.5,Cobertura,0.9400,0.9691,1.0000,0.9400
llava_13b,1.0,Estrutura,0.8600,0.9247,1.0000,0.8600
llava_13b,1.0,Esquadrias,0.7400,0.7744,0.8122,0.7400
llava_13b,1.0,Piso,0.0800,0.0631,0.4557,0.0800
llava_13b,1.0,Forro,0.0000,0.0000,0.0000,0.0000
llava_13b,1.0,Instalação Elétrica,0.8400,0.9130,1.0000,0.8400
llava_13b,1.0,Instalação Sanitária,0.0000,0.0000,0.0000,0.0000
llava_13b,1.0,Revestimento Interno,0.0600,0.1070,0.4920,0.0600
llava_13b,1.0,Acabamento Interno,0.0200,0.0383,0.4500,0.0200
llava_13b,1.0,Revestimento Externo,0.0000,0.0000,0.0000,0.0000
llava_13b,1.0,Acabamento Externo,0.0000,0.0000,0.0000,0.0000
llava_13b,1.0,Cobertura,0.6400,0.7805,1.0000,0.6400
llava_7b,0.0,Estrutura,1.0000,1.0000,1.0000,1.0000
llava_7b,0.0,Esquadrias,0.9000,0.8526,0.8100,0.9000
llava_7b,0.0,Piso,0.1200,0.0257,0.0144,0.1200
llava_7b,0.0,Forro,0.0000,0.0000,0.0000,0.0000
llava_7b,0.0,Instalação Elétrica,1.0000,1.0000,1.0000,1.0000
llava_7b,0.0,Instalação Sanitária,0.0000,0.0000,0.0000,0.0000
llava_7b,0.0,Revestimento Interno,0.8200,0.7389,0.6724,0.8200
llava_7b,0.0,Acabamento Interno,0.9000,0.8526,0.8100,0.9000
llava_7b,0.0,Revestimento Externo,0.1200,0.0257,0.0144,0.1200
llava_7b,0.0,Acabamento Externo,0.0000,0.0000,0.0000,0.0000
llava_7b,0.0,Cobertura,1.0000,1.0000,1.0000,1.0000
llava_7b,0.5,Estrutura,1.0000,1.0000,1.0000,1.0000
llava_7b,0.5,Esquadrias,0.7600,0.7773,0.7953,0.7600
llava_7b,0.5,Piso,0.1200,0.0343,0.0200,0.1200
llava_7b,0.5,Forro,0.0000,0.0000,0.0000,0.0000
llava_7b,0.5,Instalação Elétrica,1.0000,1.0000,1.0000,1.0000
llava_7b,0.5,Instalação Sanitária,0.0000,0.0000,0.0000,0.0000
llava_7b,0.5,Revestimento Interno,0.8200,0.7389,0.6724,0.8200
llava_7b,0.5,Acabamento Interno,0.9000,0.8617,0.8265,0.9000
llava_7b,0.5,Revestimento Externo,0.1200,0.0262,0.0147,0.1200
llava_7b,0.5,Acabamento Externo,0.0000,0.0000,0.0000,0.0000
llava_7b,0.5,Cobertura,1.0000,1.0000,1.0000,1.0000
llava_7b,1.0,Estrutura,0.9400,0.9691,1.0000,0.9400
llava_7b,1.0,Esquadrias,0.5600,0.6545,0.7875,0.5600
llava_7b,1.0,Piso,0.1000,0.0308,0.0182,0.1000
llava_7b,1.0,Forro,0.0000,0.0000,0.0000,0.0000
llava_7b,1.0,Instalação Elétrica,0.9200,0.9583,1.0000,0.9200
llava_7b,1.0,Instalação Sanitária,0.0000,0.0000,0.0000,0.0000
llava_7b,1.0,Revestimento Interno,0.7400,0.7056,0.6742,0.7400
llava_7b,1.0,Acabamento Interno,0.7200,0.7624,0.8100,0.7200
llava_7b,1.0,Revestimento Externo,0.1200,0.0306,0.0176,0.1200
llava_7b,1.0,Acabamento Externo,0.0000,0.0000,0.0000,0.0000
llava_7b,1.0,Cobertura,0.7800,0.8764,1.0000,0.7800
qwen2.5_14b,0.0,Estrutura,1.0000,1.0000,1.0000,1.0000
qwen2.5_14b,0.0,Esquadrias,0.9000,0.8526,0.8100,0.9000
qwen2.5_14b,0.0,Piso,0.4400,0.2689,0.1936,0.4400
qwen2.5_14b,0.0,Forro,0.9400,0.9109,0.8836,0.9400
qwen2.5_14b,0.0,Instalação Elétrica,0.0000,0.0000,0.0000,0.0000
qwen2.5_14b,0.0,Instalação Sanitária,0.0000,0.0000,0.0000,0.0000
qwen2.5_14b,0.0,Revestimento Interno,0.0000,0.0000,0.0000,0.0000
qwen2.5_14b,0.0,Acabamento Interno,0.9000,0.8526,0.8100,0.9000
qwen2.5_14b,0.0,Revestimento Externo,0.8400,0.7670,0.7056,0.8400
qwen2.5_14b,0.0,Acabamento Externo,0.0000,0.0000,0.0000,0.0000
qwen2.5_14b,0.0,Cobertura,1.0000,1.0000,1.0000,1.0000
qwen2.5_14b,0.5,Estrutura,1.0000,1.0000,1.0000,1.0000
qwen2.5_14b,0.5,Esquadrias,0.9000,0.8526,0.8100,0.9000
qwen2.5_14b,0.5,Piso,0.4400,0.2689,0.1936,0.4400
qwen2.5_14b,0.5,Forro,0.9400,0.9109,0.8836,0.9400
qwen2.5_14b,0.5,Instalação Elétrica,0.0800,0.1481,1.0000,0.0800
qwen2.5_14b,0.5,Instalação Sanitária,0.0000,0.0000,0.0000,0.0000
qwen2.5_14b,0.5,Revestimento Interno,0.0000,0.0000,0.0000,0.0000
qwen2.5_14b,0.5,Acabamento Interno,0.9000,0.8526,0.8100,0.9000
qwen2.5_14b,0.5,Revestimento Externo,0.8200,0.7569,0.7029,0.8200
qwen2.5_14b,0.5,Acabamento Externo,0.0200,0.0392,0.9400,0.0200
qwen2.5_14b,0.5,Cobertura,1.0000,1.0000,1.0000,1.0000
qwen2.5_14b,1.0,Estrutura,0.9400,0.9691,1.0000,0.9400
qwen2.5_14b,1.0,Esquadrias,0.9000,0.8526,0.8100,0.9000
qwen2.5_14b,1.0,Piso,0.4400,0.2689,0.1936,0.4400
qwen2.5_14b,1.0,Forro,0.9000,0.9000,0.9000,0.9000
qwen2.5_14b,1.0,Instalação Elétrica,0.2800,0.4375,1.0000,0.2800
qwen2.5_14b,1.0,Instalação Sanitária,0.0000,0.0000,0.0000,0.0000
qwen2.5_14b,1.0,Revestimento Interno,0.0000,0.0000,0.0000,0.0000
qwen2.5_14b,1.0,Acabamento Interno,0.9000,0.8526,0.8100,0.9000
qwen2.5_14b,1.0,Revestimento Externo,0.7800,0.7445,0.7122,0.7800
qwen2.5_14b,1.0,Acabamento Externo,0.0400,0.0752,0.6267,0.0400
qwen2.5_14b,1.0,Cobertura,0.9400,0.9691,1.0000,0.9400
qwen2.5_32b,0.0,Estrutura,0.9800,0.9899,1.0000,0.9800
qwen2.5_32b,0.0,Esquadrias,0.8800,0.8426,0.8082,0.8800
qwen2.5_32b,0.0,Piso,0.4400,0.2727,0.1976,0.4400
qwen2.5_32b,0.0,Forro,0.9200,0.9008,0.8824,0.9200
qwen2.5_32b,0.0,Instalação Elétrica,0.1800,0.3051,1.0000,0.1800
qwen2.5_32b,0.0,Instalação Sanitária,0.0000,0.0000,0.0000,0.0000
qwen2.5_32b,0.0,Revestimento Interno,0.0000,0.0000,0.0000,0.0000
qwen2.5_32b,0.0,Acabamento Interno,0.8800,0.8426,0.8082,0.8800
qwen2.5_32b,0.0,Revestimento Externo,0.8200,0.7569,0.7029,0.8200
qwen2.5_32b,0.0,Acabamento Externo,0.0000,0.0000,0.0000,0.0000
qwen2.5_32b,0.0,Cobertura,0.9800,0.9899,1.0000,0.9800
qwen2.5_32b,0.5,Estrutura,0.8000,0.8889,1.0000,0.8000
qwen2.5_32b,0.5,Esquadrias,0.7400,0.7655,0.7929,0.7400
qwen2.5_32b,0.5,Piso,0.3600,0.2475,0.1886,0.3600
qwen2.5_32b,0.5,Forro,0.7400,0.7995,0.8695,0.7400
qwen2.5_32b,0.5,Instalação Elétrica,0.2800,0.4375,1.0000,0.2800
qwen2.5_32b,0.5,Instalação Sanitária,0.0000,0.0000,0.0000,0.0000
qwen2.5_32b,0.5,Revestimento Interno,0.0200,0.0390,0.8200,0.0200
qwen2.5_32b,0.5,Acabamento Interno,0.7000,0.7590,0.8289,0.7000
qwen2.5_32b,0.5,Revestimento Externo,0.6800,0.6966,0.7140,0.6800
qwen2.5_32b,0.5,Acabamento Externo,0.0600,0.1128,0.9400,0.0600
qwen2.5_32b,0.5,Cobertura,0.8000,0.8889,1.0000,0.8000
qwen2.5_32b,1.0,Estrutura,0.6000,0.7500,1.0000,0.6000
qwen2.5_32b,1.0,Esquadrias,0.6600,0.7425,0.8486,0.6600
qwen2.5_32b,1.0,Piso,0.3000,0.2316,0.1886,0.3000
qwen2.5_32b,1.0,Forro,0.5400,0.6592,0.8460,0.5400
qwen2.5_32b,1.0,Instalação Elétrica,0.2400,0.3871,1.0000,0.2400
qwen2.5_32b,1.0,Instalação Sanitária,0.0000,0.0000,0.0000,0.0000
qwen2.5_32b,1.0,Revestimento Interno,0.0600,0.1118,0.8200,0.0600
qwen2.5_32b,1.0,Acabamento Interno,0.4000,0.5373,0.8182,0.4000
qwen2.5_32b,1.0,Revestimento Externo,0.5000,0.5833,0.7000,0.5000
qwen2.5_32b,1.0,Acabamento Externo,0.1200,0.2089,0.8057,0.1200
qwen2.5_32b,1.0,Cobertura,0.6000,0.7500,1.0000,0.6000
qwen2.5_7b,0.0,Estrutura,1.0000,1.0000,1.0000,1.0000
qwen2.5_7b,0.0,Esquadrias,0.9000,0.8526,0.8100,0.9000
qwen2.5_7b,0.0,Piso,0.4400,0.2689,0.1936,0.4400
qwen2.5_7b,0.0,Forro,0.8000,0.8356,0.8744,0.8000
qwen2.5_7b,0.0,Instalação Elétrica,1.0000,1.0000,1.0000,1.0000
qwen2.5_7b,0.0,Instalação Sanitária,0.0000,0.0000,0.0000,0.0000
qwen2.5_7b,0.0,Revestimento Interno,0.0000,0.0000,0.0000,0.0000
qwen2.5_7b,0.0,Acabamento Interno,0.9000,0.8526,0.8100,0.9000
qwen2.5_7b,0.0,Revestimento Externo,0.1200,0.0257,0.0144,0.1200
qwen2.5_7b,0.0,Acabamento Externo,0.0000,0.0000,0.0000,0.0000
qwen2.5_7b,0.0,Cobertura,0.9400,0.9691,1.0000,0.9400
qwen2.5_7b,0.5,Estrutura,0.9800,0.9899,1.0000,0.9800
qwen2.5_7b,0.5,Esquadrias,0.8800,0.8426,0.8082,0.8800
qwen2.5_7b,0.5,Piso,0.4200,0.2678,0.1966,0.4200
qwen2.5_7b,0.5,Forro,0.3800,0.5331,0.8930,0.3800
qwen2.5_7b,0.5,Instalação Elétrica,0.9000,0.9474,1.0000,0.9000
qwen2.5_7b,0.5,Instalação Sanitária,0.0000,0.0000,0.0000,0.0000
qwen2.5_7b,0.5,Revestimento Interno,0.0600,0.0996,0.8480,0.0600
qwen2.5_7b,0.5,Acabamento Interno,0.6000,0.6923,0.8182,0.6000
qwen2.5_7b,0.5,Revestimento Externo,0.1600,0.2203,0.7289,0.1600
qwen2.5_7b,0.5,Acabamento Externo,0.1800,0.3021,0.9400,0.1800
qwen2.5_7b,0.5,Cobertura,0.4600,0.6301,1.0000,0.4600
qwen2.5_7b,1.0,Estrutura,0.9800,0.9899,1.0000,0.9800
qwen2.5_7b,1.0,Esquadrias,0.9000,0.8617,0.8265,0.9000
qwen2.5_7b,1.0,Piso,0.3000,0.2062,0.1571,0.3000
qwen2.5_7b,1.0,Forro,0.4200,0.5640,0.8583,0.4200
qwen2.5_7b,1.0,Instalação Elétrica,0.7800,0.8764,1.0000,0.7800
qwen2.5_7b,1.0,Instalação Sanitária,0.0000,0.0000,0.0000,0.0000
qwen2.5_7b,1.0,Revestimento Interno,0.1000,0.1531,0.4826,0.1000
qwen2.5_7b,1.0,Acabamento Interno,0.4600,0.5914,0.8280,0.4600
qwen2.5_7b,1.0,Revestimento Externo,0.1400,0.1773,0.6960,0.1400
qwen2.5_7b,1.0,Acabamento Externo,0.1800,0.3021,0.9400,0.1800
qwen2.5_7b,1.0,Cobertura,0.4800,0.6486,1.0000,0.4800
